Contributor,December 2017
intel.com,98648
gmail.com,91079
redhat.com,45556
amd.com,42884
google.com,37198
chromium.org,28452
kernel.org,24194
linux-foundation.org,22003
linaro.org,21091
ibm.com,19236
mellanox.com,16009
arm.com,13833
davemloft.net,13255
oracle.com,12746
chris-wilson.co.uk,10928
arndb.de,10374
suse.de,9532
canonical.com,9426
free-electrons.com,8874
ti.com,8523
suse.com,8251
huawei.com,8190
nxp.com,7731
codeaurora.org,7349
cavium.com,7116
lst.de,7115
fb.com,6325
broadcom.com,6134
imgtec.com,5955
rock-chips.com,5724
collabora.com,5694
samsung.com,5550
s-opensource.com,5476
renesas.com,4987
infradead.org,4864
socionext.com,4738
nvidia.com,4659
linutronix.de,4627
pengutronix.de,4248
netronome.com,4234
baylibre.com,4216
users.sourceforge.net,4058
mediatek.com,3899
glider.be,3893
zeniv.linux.org.uk,3830
st.com,3793
suse.cz,3757
embeddedor.com,3533
linuxfoundation.org,3415
realtek.com,3389
vmware.com,3252
ffwll.ch,3211
unisys.com,3117
lixom.net,3087
savoirfairelinux.com,2761
ideasonboard.com,2720
itsqueeze.com,2584
whitecape.org,2582
igalia.com,2547
synopsys.com,2461
lip6.fr,2418
anholt.net,2400
wdc.com,2396
osg.samsung.com,2257
csie.org,2203
sandisk.com,2080
googlemail.com,2079
qca.qualcomm.com,2021
strlen.de,2005
ellerman.id.au,1995
microsoft.com,1956
networkplumber.org,1948
chelsio.com,1754
benyossef.com,1747
wanadoo.fr,1685
gmx.de,1667
atomide.com,1658
tobin.cc,1647
goodmis.org,1642
basnieuwenhuizen.nl,1615
microchip.com,1612
cisco.com,1609
primarydata.com,1575
roeck-us.net,1574
gmx.net,1572
iogearbox.net,1523
kernel.crashing.org,1518
marvell.com,1510
cumulusnetworks.com,1484
tronnes.org,1478
collabora.co.uk,1377
grimberg.me,1336
cogentembedded.com,1323
sakamocchi.jp,1283
ozlabs.org,1276
cn.fujitsu.com,1274
bp.renesas.com,1268
mess.org,1263
microsemi.com,1191
linux-m68k.org,1169
perches.com,1163
sang-engineering.com,1146
android.com,1136
distanz.ch,1099
verge.net.au,1091
qti.qualcomm.com,1084
hisilicon.com,1035
xilinx.com,1033
virtuozzo.com,1003
milecki.pl,970
c-s.fr,917
lunn.ch,914
i2se.com,913
alum.mit.edu,913
kempniu.pl,907
aosc.io,907
pnwbakers.com,832
lwfinger.net,790
windriver.com,781
hpe.com,780
axentia.se,761
kernel.dk,757
mev.co.uk,753
solarflare.com,738
163.com,734
hughsie.com,732
konsulko.com,723
xs4all.nl,714
aosc.xyz,700
opensource.wolfsonmicro.com,697
secunet.com,661
kaod.org,657
sntech.de,653
denx.de,652
the-dreams.de,651
siemens.com,646
dell.com,644
hotmail.com,642
iki.fi,640
w1.fi,639
ericsson.com,639
netfilter.org,614
stgolabs.net,589
amarulasolutions.com,581
apm.com,577
lightnvm.io,571
lge.com,569
axis.com,569
aleksander.es,569
bgdev.pl,567
nordicsemi.no,561
sony.com,560
Netapp.com,549
alliedtelesis.co.nz,542
lechnology.com,533
ragnatech.se,531
deltatee.com,531
quantenna.com,517
gondor.apana.org.au,508
linux-iscsi.org,507
phrozen.org,506
alphalink.fr,503
tuxera.com,501
xmission.com,499
aj.id.au,499
endlessm.com,498
opensource.se,494
zx2c4.com,474
linux-mips.org,472
atmel.com,465
jms.id.au,459
gentoo.org,454
aquantia.com,453
wunner.de,449
narfation.org,448
holtmann.org,448
ozlabs.ru,442
ispras.ru,438
lwn.net,432
rowland.harvard.edu,430
cnexlabs.com,421
ni.com,420
theobroma-systems.com,418
rwth-aachen.de,418
onstation.org,418
mvista.com,418
agner.ch,415
skynet.be,414
mit.edu,414
nuvoton.com,412
amazon.com,406
mentor.com,404
telegraphics.com.au,403
nikanor.nu,402
mojatatu.com,398
metanate.com,398
ovn.org,389
aheymans.xyz,385
quantatw.com,383
cmss.chinamobile.com,379
toxicpanda.com,364
m3y3r.de,364
spreadtrum.com,358
decadent.org.uk,357
mips.com,353
cmpxchg.org,353
crowfest.net,350
twiddle.net,346
queasysnail.net,334
altlinux.org,325
hardeman.nu,318
codecoup.pl,317
jmondi.org,313
electromag.com.au,312
ikuai8.com,311
yandex-team.ru,308
jlekstrand.net,308
caviumnetworks.com,303
digikod.net,300
debian.org,300
lse.epita.fr,298
gibson.dropbear.id.au,297
zte.com.cn,296
sixbynine.org,286
metafoo.de,280
egil-hjelmeland.no,278
citrix.com,278
networkimprov.net,276
6wind.com,268
omnibond.com,265
boundarydevices.com,264
m4x.org,262
didichuxing.com,261
matheina.com,260
chronox.de,260
dowhile0.org,258
rere.qmqm.pl,257
free.fr,257
engestrom.ch,256
samba.org,254
siol.net,252
openvz.org,250
hauke-m.de,249
das-labor.org,246
kdab.com,245
sigmadesigns.com,244
k2l.de,244
nokia.com,237
tkos.co.il,236
ite.com.tw,234
posteo.de,232
ah.jp.nec.com,232
raspberrypi.org,230
tycho.nsa.gov,229
bwidawsk.net,229
I-love.SAKURA.ne.jp,225
nod.at,224
paul-moore.com,223
ucw.cz,221
jp.fujitsu.com,221
amazon.de,221
amazon.co.uk,221
anw.at,220
visionengravers.com,219
phytec.de,216
KARO-electronics.de,212
mnementh.co.uk,210
goldelico.com,208
feralinteractive.com,207
iotwrt.com,206
tieto.com,205
amsat.org,202
mork.no,201
CARNet.hr,195
riseup.net,193
ingics.com,192
uclouvain.be,190
nwl.cc,188
nbd.name,187
diasemi.com,187
maciej.szmigiero.name,186
obsidianresearch.com,183
amlogic.com,182
osadl.org,181
HansenPartnership.com,181
opengridcomputing.com,175
techsingularity.net,174
paulk.fr,172
keymile.com,172
techveda.org,168
sondrel.com,166
pmeerw.net,166
vip.163.com,165
lemote.com,164
verizon.com,163
codethink.co.uk,163
brocade.com,163
areca.com.tw,161
dev.mellanox.co.il,160
toradex.com,158
rasmusvillemoes.dk,156
au1.ibm.com,156
universe-factory.net,155
arista.com,154
kernellabs.com,153
angband.pl,153
kaiser.cx,152
quantonium.net,151
neuling.org,151
linbit.com,151
crapouillou.net,151
math.uni-bielefeld.de,149
analog.com,149
yandex.ru,147
linux.com,147
canb.auug.org.au,144
redpinesignals.com,141
netapp.com,141
it-klinger.de,141
cadence.com,141
sifive.com,140
cs.columbia.edu,140
akamai.com,140
profitbricks.com,137
popple.id.au,134
dabbelt.com,134
animalcreek.com,134
ZenIV.linux.org.uk,134
skidata.com,132
semihalf.com,132
nexus-software.ie,131
texas.net,130
lynxeye.de,130
annapurnalabs.com,130
fau.de,129
axtens.net,127
ssi.bg,122
templeofstupid.com,121
saunalahti.fi,121
hartkopp.net,121
ginzinger.com,121
freedesktop.org,121
epam.com,121
darmarit.de,121
tpip.net,120
lapa.com.au,120
kylehuey.com,120
hofr.at,120
fastmail.com,120
arm.linux.org.uk,118
maximintegrated.com,113
rainbow-software.org,110
llwyncelyn.cymru,110
colorfullife.com,110
alemayhu.com,110
Cavium.com,110
prevas.dk,108
gmx.com,108
kde.org,107
toshiba.co.jp,105
keithp.com,105
ilande.co.uk,105
simonwunderlich.de,104
gateworks.com,104
linuxhacker.ru,102
santannapisa.it,101
moxa.com,101
de.adit-jv.com,101
cray.com,101
sgi.com,100
peak-system.com,100
messages.microsoft.com,100
ddn.com,100
bell.net,100
ens-lyon.org,99
alibaba-inc.com,99
vidarholen.net,98
mail.parknet.co.jp,98
infineon.com,98
rutgers.edu,96
sandeen.net,95
openmesh.com,95
fastquake.com,95
emc.com.tw,94
russell.cc,93
ge.com,93
plaes.org,92
alcatel-sbell.com.cn,92
mendozajonas.com,91
tul.cz,90
tuffmail.co.uk,90
ranostay.consulting,90
fi.rohmeurope.com,90
exdev.nl,90
hadess.net,89
topic.nl,85
kleine-koenig.org,85
codeblueprint.co.uk,85
opensourcefoundries.com,84
jp.alps.com,82
formelder.dk,82
cera.cz,82
web.de,80
pitt.edu,80
outlook.com,80
cn.bosch.com,80
ieee.org,78
armadeus.com,78
mail.ccsf.edu,77
lyle.org,77
cirrus.com,77
cypress.com,76
candelatech.com,76
c0d3.blue,75
aspeedtech.com,74
braap.org,73
synaptics.com,72
ens.fr,72
xevo.com,71
nestwave.com,71
mleia.com,71
sonymobile.com,70
opensource.cirrus.com,70
masarand.com,70
jvreeland.com,70
auristor.com,70
1wt.eu,70
mail.ru,69
molgen.mpg.de,68
beckhoff.com,68
aurel32.net,68
giassa.net,67
bytheb.org,67
microchip.corp-partner.google.com,66
kaa.org.ua,66
bernat.im,65
dronecode.org.uk,64
docker.com,64
lab.ntt.co.jp,63
cern.ch,63
bidouilliste.com,63
silverbackltd.com,62
buserror.net,62
seagate.com,61
heimpold.de,61
xes-inc.com,60
themaw.net,60
samfundet.no,60
purestorage.com,60
phoenixcontact.com,60
oblong.com,60
makrotopia.org,60
majess.pl,60
izt-labs.de,60
grinn-global.com,60
emlix.com,60
cs.rutgers.edu,60
craiginches.com,60
albanarts.com,60
Oracle.com,60
freescale.com,59
luxul.com,58
embedded.rocks,58
yahoo.com,57
coreboot.org,57
cesnet.cz,57
softnautics.com,56
schaufler-ca.com,55
wsystem.com,54
sysam.it,53
phenome.org,53
sipsolutions.net,52
parallels.com,52
cortland.com,51
corp.bluecherry.net,51
chown.ath.cx,51
blala.de,51
vanguardiasur.com.ar,50
shmanahar.org,50
rvc.renesas.com,50
rambler.ru,50
provenrun.com,50
noos.fr,50
metzlerbros.de,50
kpanic.de,50
jkqxz.net,50
informatik.uni-hamburg.de,50
iitkgp.ac.in,50
frugalware.org,50
fedoraproject.org,50
cwphoto.ca,50
Unisys.com,50
v3.sk,49
puri.sm,49
generalsoftwareinc.com,49
foxmail.com,49
etezian.org,49
synology.com,47
stratus.com,47
fossix.org,47
comcast.net,47
elektrobit.com,46
vaisala.com,45
cworth.org,45
adaptrum.com,45
acer.com,45
xiaomi.com,44
stressinduktion.org,44
sigma-star.at,44
erig.me,44
corna.info,44
apple.com,44
tsyrklevich.net,43
sysgo.com,43
raithlin.com,43
quanta.corp-partner.google.com,43
qnap.com,43
perex.cz,43
crashcourse.ca,43
compal.com,43
bitwise.fi,43
zytor.com,42
zall.org,42
z3ntu.xyz,42
sonarnerd.net,42
kresin.me,42
impinj.com,42
vivier.eu,41
toke.dk,41
timesys.com,41
systec-electronic.com,41
stevens-zone.net,41
rockwellcollins.com,41
protonic.nl,41
h3c.com,41
compulab.co.il,41
yahoo.es,40
skyboo.net,40
qlogic.com,40
namei.org,40
mobi-wize.com,40
m.soramichi.jp,40
lucaceresoli.net,40
klaipeden.com,40
invensense.com,40
htc.com,40
farole.net,40
esh.hu,40
dev.rtsoft.ru,40
deebas.com,40
dbalan.in,40
az8.co,40
alexanderkoch.net,40
nigauri.org,39
daynix.com,39
skyportsystems.com,38
realsil.com.cn,38
raptorengineering.com,38
partner.samsung.com,38
horus.com,38
wedev4u.fr,37
ubuntu.com,37
mendix.com,37
dev.tdt.de,37
arkver.com,37
smile.fr,36
ac.upc.edu,36
yahoo.com.au,35
radocaj.org,35
martinhomuth.de,35
converseincode.com,35
tycoint.com,34
limesaudio.com,34
fastmail.fm,34
epigenesys.com,34
ami.corp-partner.google.com,34
x41-dsec.de,32
umail.furryterror.org,32
miraclelinux.com,32
lemonage.de,32
gnu.org,32
arcticsand.com,32
alpha.franken.de,32
aepfle.de,32
ya.ru,31
walle.cc,31
trippelsdorf.de,31
phh.me,31
parrot.com,31
opensource.altera.com,31
monkey.org,31
member.fsf.org,31
improbability.net,31
heig-vd.ch,31
hale.at,31
flygoat.com,31
efficios.com,31
deic.uab.cat,31
wizery.com,30
versatic.net,30
vadai.me,30
tuxdriver.com,30
thorsis.com,30
telecom-sudparis.eu,30
southpole.se,30
sargun.me,30
rsyncme.org,30
rndity.com,30
reactos.org,30
oss-tech.org,30
michaelmera.com,30
landley.net,30
kuvee.com,30
kernkonzept.com,30
kemnade.info,30
fel.cvut.cz,30
fe80.eu,30
emutex.com,30
chargestorm.se,30
chard.org,30
cascardo.eti.br,30
butterbrot.org,30
bitron.ch,30
benjamin.pe,30
airwebreathe.org.uk,30
acm.org,30
ab.jp.nec.com,30
mailbox.org,29
ettus.com,29
dynardo.de,29
trendmicro.com.cn,28
taudac.com,28
mac.com,28
grenoble-inp.org,28
blackhole.kfki.hu,28
uc.cl,27
rit.edu,27
kellner.me,27
innovation.ch,27
asyring.de,27
anu.edu.au,27
zamaudio.com,26
jsg.id.au,26
frickel.club,26
folklore1984.net,26
vdwaa.nl,25
mni.thm.de,25
displaylink.com,25
xdel.ru,24
tdiedrich.de,24
kakaroto.homelinux.net,24
gnumonks.org,24
fami-braun.de,24
erwinrol.com,24
azazel.net,24
andestech.com,24
126.com,24
openwrt.org,23
neratec.com,23
koconnor.net,23
globallogic.com,23
gdsys.cc,23
freebsd.org,23
eik.bme.hu,23
dhcp-40-204.bne.redhat.com,23
android-x86.org,23
udel.edu,22
sernet.de,22
rt-rk.com,22
pqgruber.com,22
marcan.st,22
linux.fjfi.cvut.cz,22
insomniasec.com,22
gerhard-bertelsmann.de,22
cog.systems,22
asus.com,22
adirat.com,22
adiengineering.com,22
wolf-entwicklungen.de,21
vplace.de,21
scarletltd.com,21
rempel-privat.de,21
regit.org,21
opentech.at,21
nic.cz,21
n621.de,21
mina86.com,21
meituan.com,21
linux-powerpc.org,21
lineageos.org,21
laposte.net,21
infinera.com,21
hp.com,21
hitachi.com,21
hanoverdisplays.com,21
gmx.at,21
genki.is,21
flir.com,21
felipetonello.com,21
digidescorp.com,21
dev.carbon-project.org,21
zoho.com,20
youcom.nl,20
yahoo.co.in,20
xyratex.com,20
webczatnet.pl,20
unibas.ch,20
umangis.me,20
ukr.net,20
tw.promise.com,20
ts.fujitsu.com,20
tisys.org,20
the-tk.com,20
taghos.com.br,20
sunbase.org,20
seznam.cz,20
sequanux.org,20
sai.msu.ru,20
robotics-erlangen.de,20
rjwysocki.net,20
prodys.net,20
povil.us,20
pixelmunchies.com,20
phoenitydawn.de,20
orange.fr,20
oktetlabs.ru,20
nya.ai,20
microseim.com,20
men.de,20
matrox.com,20
mageia.org,20
macke.de,20
list.ru,20
liljenzin.se,20
lhchavez.com,20
lesbg.com,20
leblancnet.us,20
kalray.eu,20
jinso.co.jp,20
ilbers.de,20
hazent.com,20
greyhouse.net,20
flameeyes.eu,20
fi.muni.cz,20
ethanzonca.com,20
e-labworks.com,20
dudau.co.uk,20
dmitryfrank.com,20
dilger.ca,20
digital-domain.net,20
desy.de,20
ce.jp.nec.com,20
blough.us,20
avionic-design.de,20
attalasystems.com,20
am.sony.com,20
alse-fr.com,20
allworx.com,20
philjordan.eu,19
mail.ntua.gr,19
asrmicro.com,19
uni-koblenz.de,18
redmandi.dyndns.org,18
ps.hitachi-solutions.com,18
pefoley.com,18
ossystems.com.br,18
intel.corp-partner.google.com,18
caione.org,18
who-t.net,17
welchs.me.uk,17
weilnetz.de,17
weidahitech.com,17
open-mesh.com,17
mstarsemi.com,17
moreofthesa.me.uk,17
megous.com,17
korsgaard.com,17
kitware.com,17
jusst.de,17
interlog.com,17
iguana.be,17
hotmail.de,17
g.ncu.edu.tw,17
fr.zoreil.com,17
evidence.eu.com,17
dk-develop.de,17
datenfreihafen.org,17
darkmatter.ae,17
ccbib.org,17
brennan.io,17
assembler.cz,17
a3f.at,17
topsolid.com,16
proxmox.com,16
oticon.com,16
online.de,16
olimex.com,16
ltec.ch,16
jrtc27.com,16
armis.com,16
3mdeb.com,16
unrelenting.technology,15
synapse.com,15
solid-run.com,15
pobox.com,15
kamp.de,15
henneke.me,15
fireburn.co.uk,15
cs.ucsb.edu,15
boehmwalder.at,15
besd.de,15
zeb.fun,14
tq-group.com,14
sosxen2.amd.com,14
sholland.org,14
schneider-inet.de,14
rkapl.cz,14
peloton-tech.com,14
nokia-sbell.com,14
no-log.org,14
leopardimaging.com,14
kernelconcepts.de,14
jabra.com,14
inai.de,14
hideep.com,14
godking.net,14
esmil.dk,14
ergon.ch,14
emersion.fr,14
deif.com,14
cesar.org.br,14
brainfault.org,14
autistici.org,14
openedev.com,13
hurleysoftware.com,13
codemonkey.org.uk,13
nutanix.com,12
myspectrum.nl,12
kwiboo.se,12
intra2net.com,12
digi.com,12
wwwdotorg.org,11
wjw-solutions.com,11
wifirst.fr,11
wickenrode.com,11
weidmueller.com,11
waymo.com,11
tsoy.me,11
stuntstein.dk,11
stefantriller.de,11
quarkslab.com,11
post.com,11
ploskey.com,11
pacabunga.com,11
oxygene.sk,11
onet.eu,11
ojab.ru,11
o2.pl,11
neverware.com,11
ncentric.com,11
naver.com,11
mobile-devices.fr,11
mjdsystems.ca,11
mesa.nl,11
mathworks.com,11
live.jp,11
leemhuis.info,11
laas.fr,11
knights.ucf.edu,11
kernsp.in,11
kb.kras.ru,11
juliacomputing.com,11
iotecha.com,11
invisiblethingslab.com,11
idt.com,11
iagoabal.eu,11
heine.so,11
grandegger.com,11
globaledgesoft.com,11
fbihome.de,11
eu.citrix.com,11
esd.eu,11
e2big.org,11
defutech.de,11
d-silva.org,11
cyrius.com,11
cs.stonybrook.edu,11
cs.cmu.edu,11
bytesatwork.ch,11
bur0k.de,11
bork.org,11
bluestacks.com,11
bisdn.de,11
albis-elcon.com,11
aggios.com,11
acksyn.org,11
aaazen.com,11
zonque.org,10
ziepe.ca,10
youruncloud.com,10
yahoo.in,10
wooyd.org,10
wolfssl.com,10
wetterwald.eu,10
westermo.se,10
weave.works,10
vincit.fi,10
viewizard.com,10
vatsul.com,10
varoa.net,10
vandrovec.name,10
valens.com,10
uwaterloo.ca,10
uter.be,10
unstable.cc,10
unixzen.com,10
unitn.it,10
umich.edu,10
ukr.ne,10
uf.jp.nec.com,10
ualberta.ca,10
trustica.cz,10
tremily.us,10
treewalker.org,10
toshiba-tops.co.jp,10
tomli.me,10
tiscali.nl,10
tirsek.com,10
tintri.com,10
tigera.io,10
thegavinli.com,10
tessares.net,10
teknot.us,10
tamalin.org,10
supersonicimagine.com,10
student.kit.edu,10
stengle.in,10
sssup.it,10
sslab.ics.keio.ac.jp,10
spectralink.com,10
spectracom.orolia.com,10
soulik.info,10
skelett.io,10
sina.com,10
siliconmotion.com,10
sierrawireless.com,10
seanp.xyz,10
scssoft.com,10
schinagl.nl,10
scara.com,10
salscheider-online.de,10
rybalkin.org,10
rtschenk.de,10
rosedu.org,10
rm5248.com,10
rezel.net,10
records.headdesk.com.au,10
reccoware.de,10
ravnborg.org,10
raphnet.net,10
rab.in,10
qsx.re,10
qcore.com,10
public.gmane.org,10
philpotter.co.uk,10
pezley.net,10
pbrane.org,10
paulo.costa.nom.br,10
partition-saving.com,10
paraair.de,10
panix.com,10
pabigot.com,10
ou.edu,10
otdel-1.org,10
oregonstate.edu,10
orcon.net.nz,10
one.verizon.com,10
omicronenergy.com,10
offog.org,10
ocallahan.org,10
o2linux.fr,10
ntlworld.com,10
nic.fi,10
nibe.se,10
newflow.co.uk,10
netflix.com,10
mobica.com,10
mkt-sys.de,10
mixaill.tk,10
math.sci.hokudai.ac.jp,10
massaru.org,10
martlubbers.net,10
marb.org,10
maine.edu,10
loongson.cn,10
llnl.gov,10
live.com,10
live.ca,10
live.at,10
lists.samba.org,10
lintech.de,10
lespocky.de,10
leaflabs.com,10
ladisch.de,10
labbott.name,10
laatikko.io,10
kylinos.cn,10
ksp.sk,10
kocurkovo.cz,10
kjoelbaek.dk,10
kinvolk.io,10
kicherer.org,10
kevlo.org,10
jnosh.com,10
jjdev.com,10
jikos.cz,10
jessfraz.com,10
inwind.it,10
intenta.de,10
in04.sg,10
igneoussystems.com,10
id3p.com,10
ibn-labs.com,10
hello-penguin.com,10
hallyn.com,10
hackers.mu,10
greensocs.com,10
greenhost.nl,10
googl.com,10
goodix.com,10
ghiti.fr,10
gdn.net,10
gcd.de,10
fujixerox.co.jp,10
fud.no,10
frhoelzlwimmer.de,10
frei.media,10
ezchip.com,10
excelero.com,10
exactcode.com,10
etu.utc.fr,10
esperi.org.uk,10
erifax.org,10
emilgedda.se,10
embedded-bits.co.uk,10
elisp.net,10
edu.ece.fr,10
ecrips.co.uk,10
earth.li,10
dutchcoders.io,10
dtbo.net,10
dominikbrodowski.net,10
diac24.net,10
dexceldesigns.com,10
deuxchevaux.org,10
dettori.io,10
delvelabs.ca,10
deephi.tech,10
dd-wrt.com,10
daterainc.com,10
cvidal.org,10
crome.org,10
cradlepoint.com,10
coreos.com,10
consetetur.de,10
codesourcery.com,10
codesnake.com,10
cmu.edu,10
ceva-dsp.com,10
centerclick.org,10
catalysts.cc,10
btinternet.com,10
bowerswilkins.com,10
borque.com.ar,10
bitmer.com,10
binghamton.edu,10
bingham.xyz,10
binbash.co.uk,10
bewilderbeest.net,10
beget.ru,10
beck-ipc.com,10
babblebit.net,10
avagotech.com,10
atsec.com,10
atamisk.net,10
astro.ai,10
asmedia.com.tw,10
asilaycomputing.com,10
arw.name,10
arunraghavan.net,10
anmolsarma.in,10
angelsl.xyz,10
andree.sk,10
andred.net,10
alien8.de,10
aixah.de,10
airtame.com,10
agilox.net,10
agh.edu.pl,10
advem.lv,10
adfin.com,10
aclima.io,10
abbadie.fr,10
Wolf-Entwicklungen.de,10
PaulSD.com,10
360.cn,10
twitter.com,9
parkeon.com,9
herbertland.com,9
georgi-clan.de,9
cs.kuleuven.be,9
br-automation.com,9
bitland.com.cn,9
tencent.com,8
taobao.com,8
opalkelly.com,8
nelint.com,8
mimoja.de,8
japko.eu,8
chromiumorg,8
arcor.de,8
adacore.com,8
zenitel.com,7
yotadevices.com,7
users.noreply.github.com,7
tukaani.org,7
tecon.ru,7
techadventures.net,7
strongswan.org,7
sse.uni-hildesheim.de,7
solcon.nl,7
sensoray.com,7
scottt.tw,7
ruderich.org,7
rtp-net.org,7
rohdewald.de,7
robopec.com,7
qindel.com,7
pseudoberries.com,7
pp3345.net,7
pinaraf.info,7
piap.pl,7
petroskoutoupis.com,7
petrockblock.com,7
oth-regensburg.de,7
okal.no,7
novotny.cz,7
navico.com,7
myway.de,7
myri.com,7
mykernel.net,7
moti.com,7
mizrahi.com.ve,7
micron.com,7
melfas.com,7
markovi.net,7
mansr.com,7
lukeross.name,7
lithui.me.apana.org.au,7
linux.ewheeler.net,7
lightbitslabs.com,7
krieglstein.org,7
jcline.org,7
inovex.de,7
ice.rwth-aachen.de,7
hug.cx,7
haswell-e.nc.xsintricity.com,7
hardkernel.com,7
hardfalcon.net,7
free_BSD.org,7
fastmail.net,7
endian.se,7
dxuuu.xyz,7
drivescale.com,7
distec.de,7
digitaltrip.hu,7
de.bosch.com,7
cypherpath.com,7
comcard.de,7
cip.cs.fau.de,7
centrum.cz,7
cascoda.com,7
baidu.com,7
austad.us,7
aptiv.com,7
aol.com,7
acul.me,7
wistron.corp-partner.google.com,6
tuxfamily.org,6
taedcke.com,6
silvair.com,6
quietlife.nl,6
qq.com,6
online.net,6
grassart.com,6
felixheld.de,6
bonedaddy.net,6
bob131.so,6
yahoo.com.ar,5
valvesoftware.com,5
tesla.com,5
sagemcom.com,5
mgraefe.de,5
lists.freedesktop.org,5
lists.01.org],5
gpartner-nvidia.com,5
foolstep.com,5
drv.nu,5
dolby.com,5
clage.de,5
borisbaykov.com,5
bartec-pixavi.com,5
amacapital.net,5
tnhh.net,4
tls.msk.ru,4
teenage.engineering,4
shu.io,4
schmid-telecom.ch,4
polilinux.com.br,4
linux-ipv6.be,4
lesniak-it.de,4
kerlink.fr,4
gtri.gatech.edu,4
funtoo.org,4
exati.com.br,4
ericwf,4
devolo.de,4
cloudera.com,4
antfield.fr,4
weinigel.se,3
vctlabs.com,3
uqconnect.edu.au,3
thequod.de,3
tenstral.net,3
system.gserviceaccount.com,3
physik.fu-berlin.de,3
phst,3
novalis.org,3
nongnu.org,3
morehouse,3
mail.uni-paderborn.de,3
leiserson.org,3
krasimir,3
kaishome.de,3
jwilk.net,3
icloud.com,3
flintos.io,3
embedjournal.com,3
de.pepperl-fuchs.com,3
ddci.com,3
boichat.ch,3
blueri.se,3
bitland.corp-partner.google.com,3
aliyun.com,3
/o=Intel/ou=Exchange,3
yahoo.com.br,2
x.team,2
wholezero.org,2
virtuozzo.mipt.ru,2
tw.synaptics.com,2
tribudubois.net,2
thejh.net,2
thecybershadow.net,2
tecnocode.co.uk,2
szeredi.hu,2
student.tugraz.at,2
softiron.com,2
she-devel.com,2
sdf.org,2
richardpeters.de,2
resilio.com,2
research.iiit.ac.in,2
protonmail.com,2
plexistor.com,2
pkh.me,2
ott.net,2
osandov.com,2
opteya.com,2
openbsd.org,2
omicron.at,2
oevsv.at,2
nico,2
mithis.com,2
meinit.nl,2
libero.it,2
lauterbach.com,2
lairdtech.com,2
jp.panasonic.com,2
jolla.com,2
iseebcn.com,2
i-love.sakura.ne.jp,2
hxt-semitech.com,2
grapentin.org,2
gluglug.org.uk,2
globaledgesoftware.corp-partner.google.com,2
giis.co.in,2
george.karpenkov,2
espressif.com,2
ecs.vuw.ac.nz,2
donderklumpen.de,2
diacritic.io,2
codewalr.us,2
c-lab.de,2
balean.com.au,2
amd.corp-partner.google.com,2
adurbin.bld.corp.google.com,2
zeitkunst.eu,1
yandex.com,1
yahoo.co.jp,1
xilka.com,1
wistron.com,1
vt.edu,1
vittgam.net,1
virtuousgeek.org,1
variantweb.net,1
valentinblot.org,1
unitedstack.com,1
uni-wuppertal.de,1
uclinux.org,1
twopensource.com,1
trimble.com,1
tresorit.com,1
toganlabs.com,1
themasta.com,1
thalesgroup.com,1
telit.com,1
techyauld.com,1
tado.com,1
t-online.de,1
sysgo.de,1
sylvestre,1
suug.ch,1
st.oth-regensburg.de,1
sr71.net,1
spectrumdigital.se,1
smeenai,1
smartisan.com,1
sjorsgielen.nl,1
shealevy.com,1
sfritsch.de,1
scypho.com,1
sadel.it,1
runbox.com,1
rueg.eu,1
rosenzweig.io,1
rorym.cnamara.com,1
rancher.com,1
rafael,1
rad-ic.com,1
quicinc.com,1
purelyfunctional.org,1
prue.com,1
powersoft.it,1
podlesie.net,1
philkern.de,1
peterdavehello.org,1
pdiarm.com,1
outlook.de,1
opera.com,1
onelan.co.uk,1
numberfour.eu,1
nimbelink.com,1
nerim.net,1
nathanrossi.com,1
mykolab.com,1
mxic.com.tw,1
mprobst,1
mozilla.com,1
monstr.eu,1
mielczarek.org,1
mg8.org,1
meltin.net,1
maths.usyd.edu.au,1
matheus.top,1
marvell.corp-partner.google.com,1
mapbox.com,1
lukeshu.com,1
logitech.com,1
linuxmint.com,1
lichtblau.cz,1
larch-networks.com,1
kyup.com,1
kynesim.co.uk,1
kurz-elektronik.de,1
kunz-im-inter.net,1
kudzu.us,1
kontron.com,1
kolivas.org,1
kernelim.com,1
jtang.org,1
joshtriplett.org,1
jns.io,1
it-offshore.co.uk,1
ise.de,1
iscas.ac.cn,1
iptronix.com,1
ipsumj.de,1
ioeric,1
intrinsyc.com,1
informatik.uni-erlangen.de,1
honeywell.com,1
home.org.au,1
holtze.dk,1
hawkmoon.pdx.corp.google.com,1
harmberntsen.nl,1
glup.org,1
git.antfield.fr,1
gdsys.de,1
gaikai.com,1
g.clemson.edu,1
fuz.su,1
futurice.com,1
fromorbit.com,1
fingerprints.com,1
fh-dortmund.de,1
fenix-es.com,1
eyqs.ca,1
email.cz,1
eaton.com,1
djasper,1
dim,1
datapath.co.uk,1
datacom.ind.br,1
data61.csiro.au,1
danweeks.net,1
cypress.bc.ca,1
corsac.net,1
cornell.edu,1
comstyle.com,1
chapuni,1
cendio.se,1
cardoe.com,1
camlintechnologies.com,1
bslabs.net,1
bobcopeland.com,1
bluekitchen-gmbh.com,1
bluebottle.com,1
blade-group.com,1
blackhole.sk,1
blackberry.com,1
be-evil.net,1
ausil.us,1
asciiwolf.com,1
artisandeveloppeur.fr,1
aribaud.net,1
arachsys.com,1
antmicro.com,1
aminocom.com,1
amaiorano,1
advancedtelematic.com,1
addaleax.net,1
accelerated.com,1
Apache.Org,1
8bo.org,1
3adev.fr,1
